{
  "hash": "4b4371ce",
  "configHash": "fa3cdb9b",
  "lockfileHash": "ca05ad2a",
  "browserHash": "dea666db",
  "optimized": {
    "@angular/common": {
      "src": "../../../../../../node_modules/@angular/common/fesm2022/common.mjs",
      "file": "@angular_common.js",
      "fileHash": "fdd29d97",
      "needsInterop": false
    },
    "@angular/common/http": {
      "src": "../../../../../../node_modules/@angular/common/fesm2022/http.mjs",
      "file": "@angular_common_http.js",
      "fileHash": "b9fa393a",
      "needsInterop": false
    },
    "@angular/core": {
      "src": "../../../../../../node_modules/@angular/core/fesm2022/core.mjs",
      "file": "@angular_core.js",
      "fileHash": "18f424de",
      "needsInterop": false
    },
    "@angular/forms": {
      "src": "../../../../../../node_modules/@angular/forms/fesm2022/forms.mjs",
      "file": "@angular_forms.js",
      "fileHash": "2e82279c",
      "needsInterop": false
    },
    "@angular/platform-browser": {
      "src": "../../../../../../node_modules/@angular/platform-browser/fesm2022/platform-browser.mjs",
      "file": "@angular_platform-browser.js",
      "fileHash": "a3e12ab8",
      "needsInterop": false
    },
    "@angular/router": {
      "src": "../../../../../../node_modules/@angular/router/fesm2022/router.mjs",
      "file": "@angular_router.js",
      "fileHash": "7dd8acdf",
      "needsInterop": false
    }
  },
  "chunks": {
    "chunk-KIMYVX5Q": {
      "file": "chunk-KIMYVX5Q.js"
    },
    "chunk-FKRHMGT5": {
      "file": "chunk-FKRHMGT5.js"
    },
    "chunk-GYMZXIJ4": {
      "file": "chunk-GYMZXIJ4.js"
    },
    "chunk-322WVOOP": {
      "file": "chunk-322WVOOP.js"
    },
    "chunk-PUPFYMDY": {
      "file": "chunk-PUPFYMDY.js"
    }
  }
}